"file","caption","category","png_time","StartTime","basename","dirname","dirname2","path"
"bio1_sizeatage.png","Length at age in the beginning of the year (or season) in the ending year of the model. Shaded area indicates 95% distribution of length at age around estimated growth curve.","Bio",2019-04-09 16:02:36,"StartTime: Mon Apr 08 16:44:26 2019","bio1_sizeatage.png",".",".","./bio1_sizeatage.png"
"bio2_sizeatage_plus_CV_and_SD.png","Length at age (top-left panel) with CV (thick line) and SD (thin line) of length at age shown in top-right and lower-left panels","Bio",2019-04-09 16:02:36,"StartTime: Mon Apr 08 16:44:26 2019","bio2_sizeatage_plus_CV_and_SD.png",".",".","./bio2_sizeatage_plus_CV_and_SD.png"
"bio3_sizeatage_plus_WT_and_MAT.png","Length at age (top-left panel) with weight (thick line) and maturity (thin line) shown in top-right and lower-left panels","Bio",2019-04-09 16:02:36,"StartTime: Mon Apr 08 16:44:26 2019","bio3_sizeatage_plus_WT_and_MAT.png",".",".","./bio3_sizeatage_plus_WT_and_MAT.png"
"bio1B_len_at_age_matrix_1.png","Distribution of length at age for seas: 1 sub_seas: 1 morph: 1","Bio",2019-04-09 16:02:36,"StartTime: Mon Apr 08 16:44:26 2019","bio1B_len_at_age_matrix_1.png",".",".","./bio1B_len_at_age_matrix_1.png"
"bio1B_len_at_age_matrix_2.png","Distribution of length at age for seas: 1 sub_seas: 1 morph: 2","Bio",2019-04-09 16:02:36,"StartTime: Mon Apr 08 16:44:26 2019","bio1B_len_at_age_matrix_2.png",".",".","./bio1B_len_at_age_matrix_2.png"
"bio1B_len_at_age_matrix_3.png","Distribution of length at age for seas: 1 sub_seas: 2 morph: 1","Bio",2019-04-09 16:02:36,"StartTime: Mon Apr 08 16:44:26 2019","bio1B_len_at_age_matrix_3.png",".",".","./bio1B_len_at_age_matrix_3.png"
"bio1B_len_at_age_matrix_4.png","Distribution of length at age for seas: 1 sub_seas: 2 morph: 2","Bio",2019-04-09 16:02:36,"StartTime: Mon Apr 08 16:44:26 2019","bio1B_len_at_age_matrix_4.png",".",".","./bio1B_len_at_age_matrix_4.png"
"bio5_weightatsize.png","Weight-length relationship","Bio",2019-04-09 16:02:36,"StartTime: Mon Apr 08 16:44:26 2019","bio5_weightatsize.png",".",".","./bio5_weightatsize.png"
"bio6_maturity.png","Maturity at length","Bio",2019-04-09 16:02:36,"StartTime: Mon Apr 08 16:44:26 2019","bio6_maturity.png",".",".","./bio6_maturity.png"
"bio7_fecundity.png","Fecundity","Bio",2019-04-09 16:02:36,"StartTime: Mon Apr 08 16:44:26 2019","bio7_fecundity.png",".",".","./bio7_fecundity.png"
"bio8_fecundity_wt.png","Fecundity as a function of weight","Bio",2019-04-09 16:02:36,"StartTime: Mon Apr 08 16:44:26 2019","bio8_fecundity_wt.png",".",".","./bio8_fecundity_wt.png"
"bio9_fecundity_len.png","Fecundity as a function of length","Bio",2019-04-09 16:02:36,"StartTime: Mon Apr 08 16:44:26 2019","bio9_fecundity_len.png",".",".","./bio9_fecundity_len.png"
"bio10_spawningoutput_len.png","Spawning output at length. This is the product of maturity and fecundity unless maturity is age-based, in which case only fecundity is represented.","Bio",2019-04-09 16:02:36,"StartTime: Mon Apr 08 16:44:26 2019","bio10_spawningoutput_len.png",".",".","./bio10_spawningoutput_len.png"
"bio11_spawningoutput_age.png","Spawning output at age. This is the product of maturity and fecundity. When these processes are length-based they are converted into the age dimension using the matrix of length at age.","Bio",2019-04-09 16:02:36,"StartTime: Mon Apr 08 16:44:26 2019","bio11_spawningoutput_age.png",".",".","./bio11_spawningoutput_age.png"
"sel01_multiple_fleets_length1.png","Selectivity at length for multiple fleets.","Sel",2019-04-09 16:02:36,"StartTime: Mon Apr 08 16:44:26 2019","sel01_multiple_fleets_length1.png",".",".","./sel01_multiple_fleets_length1.png"
"sel02_multiple_fleets_age1.png","Selectivity at age for multiple fleets.","Sel",2019-04-09 16:02:36,"StartTime: Mon Apr 08 16:44:26 2019","sel02_multiple_fleets_age1.png",".",".","./sel02_multiple_fleets_age1.png"
"sel02_multiple_fleets_age2.png","Selectivity at age derived from selectivity at length for multiple fleets.","Sel",2019-04-09 16:02:36,"StartTime: Mon Apr 08 16:44:26 2019","sel02_multiple_fleets_age2.png",".",".","./sel02_multiple_fleets_age2.png"
"sel09_len_flt1sex1.png","Female ending year selectivity for Trawl","Sel",2019-04-09 16:02:36,"StartTime: Mon Apr 08 16:44:26 2019","sel09_len_flt1sex1.png",".",".","./sel09_len_flt1sex1.png"
"sel09_len_flt1sex2.png","Male ending year selectivity for Trawl","Sel",2019-04-09 16:02:36,"StartTime: Mon Apr 08 16:44:26 2019","sel09_len_flt1sex2.png",".",".","./sel09_len_flt1sex2.png"
"sel09_len_flt2sex1.png","Female ending year selectivity for nonTrawldead","Sel",2019-04-09 16:02:36,"StartTime: Mon Apr 08 16:44:26 2019","sel09_len_flt2sex1.png",".",".","./sel09_len_flt2sex1.png"
"sel09_len_flt2sex2.png","Male ending year selectivity for nonTrawldead","Sel",2019-04-09 16:02:36,"StartTime: Mon Apr 08 16:44:26 2019","sel09_len_flt2sex2.png",".",".","./sel09_len_flt2sex2.png"
"sel09_len_flt3sex1.png","Female ending year selectivity for nonTrawllive","Sel",2019-04-09 16:02:36,"StartTime: Mon Apr 08 16:44:26 2019","sel09_len_flt3sex1.png",".",".","./sel09_len_flt3sex1.png"
"sel09_len_flt3sex2.png","Male ending year selectivity for nonTrawllive","Sel",2019-04-09 16:02:36,"StartTime: Mon Apr 08 16:44:26 2019","sel09_len_flt3sex2.png",".",".","./sel09_len_flt3sex2.png"
"sel09_len_flt4sex1.png","Female ending year selectivity for Rec","Sel",2019-04-09 16:02:36,"StartTime: Mon Apr 08 16:44:26 2019","sel09_len_flt4sex1.png",".",".","./sel09_len_flt4sex1.png"
"sel09_len_flt4sex2.png","Male ending year selectivity for Rec","Sel",2019-04-09 16:02:36,"StartTime: Mon Apr 08 16:44:26 2019","sel09_len_flt4sex2.png",".",".","./sel09_len_flt4sex2.png"
"sel09_len_flt5sex1.png","Female ending year selectivity for OnboardCPUE","Sel",2019-04-09 16:02:36,"StartTime: Mon Apr 08 16:44:26 2019","sel09_len_flt5sex1.png",".",".","./sel09_len_flt5sex1.png"
"sel09_len_flt5sex2.png","Male ending year selectivity for OnboardCPUE","Sel",2019-04-09 16:02:36,"StartTime: Mon Apr 08 16:44:26 2019","sel09_len_flt5sex2.png",".",".","./sel09_len_flt5sex2.png"
"sel09_len_flt6sex1.png","Female ending year selectivity for OnboardCPUEII","Sel",2019-04-09 16:02:36,"StartTime: Mon Apr 08 16:44:26 2019","sel09_len_flt6sex1.png",".",".","./sel09_len_flt6sex1.png"
"sel09_len_flt6sex2.png","Male ending year selectivity for OnboardCPUEII","Sel",2019-04-09 16:02:36,"StartTime: Mon Apr 08 16:44:26 2019","sel09_len_flt6sex2.png",".",".","./sel09_len_flt6sex2.png"
"sel09_len_flt7sex1.png","Female ending year selectivity for RecResearch","Sel",2019-04-09 16:02:36,"StartTime: Mon Apr 08 16:44:26 2019","sel09_len_flt7sex1.png",".",".","./sel09_len_flt7sex1.png"
"sel09_len_flt7sex2.png","Male ending year selectivity for RecResearch","Sel",2019-04-09 16:02:36,"StartTime: Mon Apr 08 16:44:26 2019","sel09_len_flt7sex2.png",".",".","./sel09_len_flt7sex2.png"
"sel09_len_flt8sex1.png","Female ending year selectivity for dockside","Sel",2019-04-09 16:02:36,"StartTime: Mon Apr 08 16:44:26 2019","sel09_len_flt8sex1.png",".",".","./sel09_len_flt8sex1.png"
"sel09_len_flt8sex2.png","Male ending year selectivity for dockside","Sel",2019-04-09 16:02:36,"StartTime: Mon Apr 08 16:44:26 2019","sel09_len_flt8sex2.png",".",".","./sel09_len_flt8sex2.png"
"sel21_agelen_contour_flt1sex1.png","Female ending year selectivity and growth for Trawl","Sel",2019-04-09 16:02:36,"StartTime: Mon Apr 08 16:44:26 2019","sel21_agelen_contour_flt1sex1.png",".",".","./sel21_agelen_contour_flt1sex1.png"
"sel21_agelen_contour_flt1sex2.png","Male ending year selectivity and growth for Trawl","Sel",2019-04-09 16:02:36,"StartTime: Mon Apr 08 16:44:26 2019","sel21_agelen_contour_flt1sex2.png",".",".","./sel21_agelen_contour_flt1sex2.png"
"sel21_agelen_contour_flt2sex1.png","Female ending year selectivity and growth for nonTrawldead","Sel",2019-04-09 16:02:36,"StartTime: Mon Apr 08 16:44:26 2019","sel21_agelen_contour_flt2sex1.png",".",".","./sel21_agelen_contour_flt2sex1.png"
"sel21_agelen_contour_flt2sex2.png","Male ending year selectivity and growth for nonTrawldead","Sel",2019-04-09 16:02:36,"StartTime: Mon Apr 08 16:44:26 2019","sel21_agelen_contour_flt2sex2.png",".",".","./sel21_agelen_contour_flt2sex2.png"
"sel21_agelen_contour_flt3sex1.png","Female ending year selectivity and growth for nonTrawllive","Sel",2019-04-09 16:02:36,"StartTime: Mon Apr 08 16:44:26 2019","sel21_agelen_contour_flt3sex1.png",".",".","./sel21_agelen_contour_flt3sex1.png"
"sel21_agelen_contour_flt3sex2.png","Male ending year selectivity and growth for nonTrawllive","Sel",2019-04-09 16:02:36,"StartTime: Mon Apr 08 16:44:26 2019","sel21_agelen_contour_flt3sex2.png",".",".","./sel21_agelen_contour_flt3sex2.png"
"sel21_agelen_contour_flt4sex1.png","Female ending year selectivity and growth for Rec","Sel",2019-04-09 16:02:36,"StartTime: Mon Apr 08 16:44:26 2019","sel21_agelen_contour_flt4sex1.png",".",".","./sel21_agelen_contour_flt4sex1.png"
"sel21_agelen_contour_flt4sex2.png","Male ending year selectivity and growth for Rec","Sel",2019-04-09 16:02:36,"StartTime: Mon Apr 08 16:44:26 2019","sel21_agelen_contour_flt4sex2.png",".",".","./sel21_agelen_contour_flt4sex2.png"
"sel21_agelen_contour_flt5sex1.png","Female ending year selectivity and growth for OnboardCPUE","Sel",2019-04-09 16:02:36,"StartTime: Mon Apr 08 16:44:26 2019","sel21_agelen_contour_flt5sex1.png",".",".","./sel21_agelen_contour_flt5sex1.png"
"sel21_agelen_contour_flt5sex2.png","Male ending year selectivity and growth for OnboardCPUE","Sel",2019-04-09 16:02:36,"StartTime: Mon Apr 08 16:44:26 2019","sel21_agelen_contour_flt5sex2.png",".",".","./sel21_agelen_contour_flt5sex2.png"
"sel21_agelen_contour_flt6sex1.png","Female ending year selectivity and growth for OnboardCPUEII","Sel",2019-04-09 16:02:36,"StartTime: Mon Apr 08 16:44:26 2019","sel21_agelen_contour_flt6sex1.png",".",".","./sel21_agelen_contour_flt6sex1.png"
"sel21_agelen_contour_flt6sex2.png","Male ending year selectivity and growth for OnboardCPUEII","Sel",2019-04-09 16:02:36,"StartTime: Mon Apr 08 16:44:26 2019","sel21_agelen_contour_flt6sex2.png",".",".","./sel21_agelen_contour_flt6sex2.png"
"sel21_agelen_contour_flt7sex1.png","Female ending year selectivity and growth for RecResearch","Sel",2019-04-09 16:02:36,"StartTime: Mon Apr 08 16:44:26 2019","sel21_agelen_contour_flt7sex1.png",".",".","./sel21_agelen_contour_flt7sex1.png"
"sel21_agelen_contour_flt7sex2.png","Male ending year selectivity and growth for RecResearch","Sel",2019-04-09 16:02:36,"StartTime: Mon Apr 08 16:44:26 2019","sel21_agelen_contour_flt7sex2.png",".",".","./sel21_agelen_contour_flt7sex2.png"
"sel21_agelen_contour_flt8sex1.png","Female ending year selectivity and growth for dockside","Sel",2019-04-09 16:02:36,"StartTime: Mon Apr 08 16:44:26 2019","sel21_agelen_contour_flt8sex1.png",".",".","./sel21_agelen_contour_flt8sex1.png"
"sel21_agelen_contour_flt8sex2.png","Male ending year selectivity and growth for dockside","Sel",2019-04-09 16:02:36,"StartTime: Mon Apr 08 16:44:26 2019","sel21_agelen_contour_flt8sex2.png",".",".","./sel21_agelen_contour_flt8sex2.png"
"ts1_Total_biomass_(mt).png","Total biomass (mt)","Timeseries",2019-04-09 16:02:36,"StartTime: Mon Apr 08 16:44:26 2019","ts1_Total_biomass_(mt).png",".",".","./ts1_Total_biomass_(mt).png"
"ts4_Summary_biomass_(mt).png","Summary biomass (mt)","Timeseries",2019-04-09 16:02:36,"StartTime: Mon Apr 08 16:44:26 2019","ts4_Summary_biomass_(mt).png",".",".","./ts4_Summary_biomass_(mt).png"
"ts7_Spawning_output.png","Spawning output","Timeseries",2019-04-09 16:02:36,"StartTime: Mon Apr 08 16:44:26 2019","ts7_Spawning_output.png",".",".","./ts7_Spawning_output.png"
"ts7_Spawning_output_with_95_asymptotic_intervals_intervals.png","Spawning output with ~95% asymptotic intervals","Timeseries",2019-04-09 16:02:36,"StartTime: Mon Apr 08 16:44:26 2019","ts7_Spawning_output_with_95_asymptotic_intervals_intervals.png",".",".","./ts7_Spawning_output_with_95_asymptotic_intervals_intervals.png"
"ts9_Spawning_depletion.png","Spawning depletion","Timeseries",2019-04-09 16:02:36,"StartTime: Mon Apr 08 16:44:26 2019","ts9_Spawning_depletion.png",".",".","./ts9_Spawning_depletion.png"
"ts9_Spawning_depletion_with_95_asymptotic_intervals_intervals.png","Spawning depletion with ~95% asymptotic intervals","Timeseries",2019-04-09 16:02:36,"StartTime: Mon Apr 08 16:44:26 2019","ts9_Spawning_depletion_with_95_asymptotic_intervals_intervals.png",".",".","./ts9_Spawning_depletion_with_95_asymptotic_intervals_intervals.png"
"ts11_Age-0_recruits_(1000s).png","Age-0 recruits (1,000s)","Timeseries",2019-04-09 16:02:36,"StartTime: Mon Apr 08 16:44:26 2019","ts11_Age-0_recruits_(1000s).png",".",".","./ts11_Age-0_recruits_(1000s).png"
"ts11_Age-0_recruits_(1000s)_with_95_asymptotic_intervals.png","Age-0 recruits (1,000s) with ~95% asymptotic intervals","Timeseries",2019-04-09 16:02:36,"StartTime: Mon Apr 08 16:44:26 2019","ts11_Age-0_recruits_(1000s)_with_95_asymptotic_intervals.png",".",".","./ts11_Age-0_recruits_(1000s)_with_95_asymptotic_intervals.png"
"ts_summaryF.png","Summary F (definition of F depends on setting in starter.ss)","Timeseries",2019-04-09 16:02:36,"StartTime: Mon Apr 08 16:44:26 2019","ts_summaryF.png",".",".","./ts_summaryF.png"
"recdevs1_points.png","Recruitment deviations","RecDev",2019-04-09 16:02:36,"StartTime: Mon Apr 08 16:44:26 2019","recdevs1_points.png",".",".","./recdevs1_points.png"
"recdevs2_withbars.png","Recruitment deviations with 95% intervals","RecDev",2019-04-09 16:02:36,"StartTime: Mon Apr 08 16:44:26 2019","recdevs2_withbars.png",".",".","./recdevs2_withbars.png"
"recdevs3_varcheck.png","Recruitment deviations variance check.<br> See later figure of transformed variance values for comparison with bias adjustment settings in the model.","RecDev",2019-04-09 16:02:36,"StartTime: Mon Apr 08 16:44:26 2019","recdevs3_varcheck.png",".",".","./recdevs3_varcheck.png"
"recruit_fit_bias_adjust.png","Points are transformed variances. Red line shows current settings forfor bias adjustment specified in control file.Blue line shows least squares estimate of alternative bias adjustmentrelationship for recruitment deviations (which may or may not be animprovement. For more information, see<br> 
<blockquote>Methot, R.D. and Taylor, I.G., 2011. Adjusting for bias due to variability of estimated recruitments in fishery assessment models. <i>Can. J. Fish. Aquat. Sci.</i>, 68:1744-1760.</blockquote><br> 
Estimated alternative inputs to SS control file associated with blue line in figure: 
<pre>1953.8   #_last_early_yr_nobias_adj_in_MPD 
1973.9   #_first_yr_fullbias_adj_in_MPD 
2009.4   #_last_yr_fullbias_adj_in_MPD 
2013.7   #_first_recent_yr_nobias_adj_in_MPD 
0.6696   #_max_bias_adj_in_MPD (1.0 to mimic pre-2009 models)   </pre>","RecDev",2019-04-09 16:02:36,"StartTime: Mon Apr 08 16:44:26 2019","recruit_fit_bias_adjust.png",".",".","./recruit_fit_bias_adjust.png"
"SR_curve.png","Stock-recruit curve.  Point colors indicate year, with warmer colors indicating earlier years and cooler colors in showing later years.","S-R",2019-04-09 16:02:36,"StartTime: Mon Apr 08 16:44:26 2019","SR_curve.png",".",".","./SR_curve.png"
"SR_curve2.png","Stock-recruit curve with labels on first, last, and years with (log) deviations > 0.5. Point colors indicate year, with warmer colors indicating earlier years and cooler colors in showing later years.","S-R",2019-04-09 16:02:36,"StartTime: Mon Apr 08 16:44:26 2019","SR_curve2.png",".",".","./SR_curve2.png"
"SR_resids.png","Deviations around the stock-recruit curve. Labels are on first, last, and years with (log) deviations > 0.5. Point colors indicate year, with warmer colors indicating earlier years and cooler colors in showing later years.","S-R",2019-04-09 16:02:36,"StartTime: Mon Apr 08 16:44:26 2019","SR_resids.png",".",".","./SR_resids.png"
"catch1 landings.png","landings","Catch",2019-04-09 16:02:36,"StartTime: Mon Apr 08 16:44:26 2019","catch1 landings.png",".",".","./catch1 landings.png"
"catch2 landings stacked.png","landings stacked","Catch",2019-04-09 16:02:36,"StartTime: Mon Apr 08 16:44:26 2019","catch2 landings stacked.png",".",".","./catch2 landings stacked.png"
"catch9 harvest rate.png","harvest rate","Catch",2019-04-09 16:02:36,"StartTime: Mon Apr 08 16:44:26 2019","catch9 harvest rate.png",".",".","./catch9 harvest rate.png"
"SPR1_series.png","Timeseries of SPR","SPR",2019-04-09 16:02:36,"StartTime: Mon Apr 08 16:44:26 2019","SPR1_series.png",".",".","./SPR1_series.png"
"SPR2_minusSPRseries.png","Timeseries of 1-SPR","SPR",2019-04-09 16:02:36,"StartTime: Mon Apr 08 16:44:26 2019","SPR2_minusSPRseries.png",".",".","./SPR2_minusSPRseries.png"
"SPR3_ratiointerval.png","Timeseries of SPR ratio","SPR",2019-04-09 16:02:36,"StartTime: Mon Apr 08 16:44:26 2019","SPR3_ratiointerval.png",".",".","./SPR3_ratiointerval.png"
"SPR4_phase.png","Phase plot of biomass ratio vs. SPR ratio","SPR",2019-04-09 16:02:36,"StartTime: Mon Apr 08 16:44:26 2019","SPR4_phase.png",".",".","./SPR4_phase.png"
"index1_cpuedata_OnboardCPUE.png","Index data for OnboardCPUE. Lines indicate 95% uncertainty interval around index values. Thicker lines (if present) indicate input uncertainty before addition of estimated additional uncertainty parameter.","Index",2019-04-09 16:02:36,"StartTime: Mon Apr 08 16:44:26 2019","index1_cpuedata_OnboardCPUE.png",".",".","./index1_cpuedata_OnboardCPUE.png"
"index2_cpuefit_OnboardCPUE.png","Fit to index data for OnboardCPUE. Lines indicate 95% uncertainty interval around index values. Thicker lines (if present) indicate input uncertainty before addition of estimated additional uncertainty parameter.","Index",2019-04-09 16:02:36,"StartTime: Mon Apr 08 16:44:26 2019","index2_cpuefit_OnboardCPUE.png",".",".","./index2_cpuefit_OnboardCPUE.png"
"index3_cpuecheck_OnboardCPUE.png","Observed vs. expected index values with smoother for OnboardCPUE","Index",2019-04-09 16:02:36,"StartTime: Mon Apr 08 16:44:26 2019","index3_cpuecheck_OnboardCPUE.png",".",".","./index3_cpuecheck_OnboardCPUE.png"
"index4_logcpuedata_OnboardCPUE.png","Log index data for OnboardCPUE. Lines indicate 95% uncertainty interval around index values. Thicker lines (if present) indicate input uncertainty before addition of estimated additional uncertainty parameter.","Index",2019-04-09 16:02:36,"StartTime: Mon Apr 08 16:44:26 2019","index4_logcpuedata_OnboardCPUE.png",".",".","./index4_logcpuedata_OnboardCPUE.png"
"index5_logcpuefit_OnboardCPUE.png","Fit to log index data on log scale for OnboardCPUE. Lines indicate 95% uncertainty interval around index values. Thicker lines (if present) indicate input uncertainty before addition of estimated additional uncertainty parameter.","Index",2019-04-09 16:02:36,"StartTime: Mon Apr 08 16:44:26 2019","index5_logcpuefit_OnboardCPUE.png",".",".","./index5_logcpuefit_OnboardCPUE.png"
"index6_logcpuecheck_OnboardCPUE.png","log(observed) vs. log(expected) index values with smoother for OnboardCPUE","Index",2019-04-09 16:02:36,"StartTime: Mon Apr 08 16:44:26 2019","index6_logcpuecheck_OnboardCPUE.png",".",".","./index6_logcpuecheck_OnboardCPUE.png"
"index1_cpuedata_OnboardCPUEII.png","Index data for OnboardCPUEII. Lines indicate 95% uncertainty interval around index values. Thicker lines (if present) indicate input uncertainty before addition of estimated additional uncertainty parameter.","Index",2019-04-09 16:02:36,"StartTime: Mon Apr 08 16:44:26 2019","index1_cpuedata_OnboardCPUEII.png",".",".","./index1_cpuedata_OnboardCPUEII.png"
"index2_cpuefit_OnboardCPUEII.png","Fit to index data for OnboardCPUEII. Lines indicate 95% uncertainty interval around index values. Thicker lines (if present) indicate input uncertainty before addition of estimated additional uncertainty parameter.","Index",2019-04-09 16:02:36,"StartTime: Mon Apr 08 16:44:26 2019","index2_cpuefit_OnboardCPUEII.png",".",".","./index2_cpuefit_OnboardCPUEII.png"
"index3_cpuecheck_OnboardCPUEII.png","Observed vs. expected index values with smoother for OnboardCPUEII","Index",2019-04-09 16:02:36,"StartTime: Mon Apr 08 16:44:26 2019","index3_cpuecheck_OnboardCPUEII.png",".",".","./index3_cpuecheck_OnboardCPUEII.png"
"index4_logcpuedata_OnboardCPUEII.png","Log index data for OnboardCPUEII. Lines indicate 95% uncertainty interval around index values. Thicker lines (if present) indicate input uncertainty before addition of estimated additional uncertainty parameter.","Index",2019-04-09 16:02:36,"StartTime: Mon Apr 08 16:44:26 2019","index4_logcpuedata_OnboardCPUEII.png",".",".","./index4_logcpuedata_OnboardCPUEII.png"
"index5_logcpuefit_OnboardCPUEII.png","Fit to log index data on log scale for OnboardCPUEII. Lines indicate 95% uncertainty interval around index values. Thicker lines (if present) indicate input uncertainty before addition of estimated additional uncertainty parameter.","Index",2019-04-09 16:02:36,"StartTime: Mon Apr 08 16:44:26 2019","index5_logcpuefit_OnboardCPUEII.png",".",".","./index5_logcpuefit_OnboardCPUEII.png"
"index6_logcpuecheck_OnboardCPUEII.png","log(observed) vs. log(expected) index values with smoother for OnboardCPUEII","Index",2019-04-09 16:02:36,"StartTime: Mon Apr 08 16:44:26 2019","index6_logcpuecheck_OnboardCPUEII.png",".",".","./index6_logcpuecheck_OnboardCPUEII.png"
"index1_cpuedata_dockside.png","Index data for dockside. Lines indicate 95% uncertainty interval around index values. Thicker lines (if present) indicate input uncertainty before addition of estimated additional uncertainty parameter.","Index",2019-04-09 16:02:36,"StartTime: Mon Apr 08 16:44:26 2019","index1_cpuedata_dockside.png",".",".","./index1_cpuedata_dockside.png"
"index2_cpuefit_dockside.png","Fit to index data for dockside. Lines indicate 95% uncertainty interval around index values. Thicker lines (if present) indicate input uncertainty before addition of estimated additional uncertainty parameter.","Index",2019-04-09 16:02:36,"StartTime: Mon Apr 08 16:44:26 2019","index2_cpuefit_dockside.png",".",".","./index2_cpuefit_dockside.png"
"index3_cpuecheck_dockside.png","Observed vs. expected index values with smoother for dockside","Index",2019-04-09 16:02:36,"StartTime: Mon Apr 08 16:44:26 2019","index3_cpuecheck_dockside.png",".",".","./index3_cpuecheck_dockside.png"
"index4_logcpuedata_dockside.png","Log index data for dockside. Lines indicate 95% uncertainty interval around index values. Thicker lines (if present) indicate input uncertainty before addition of estimated additional uncertainty parameter.","Index",2019-04-09 16:02:36,"StartTime: Mon Apr 08 16:44:26 2019","index4_logcpuedata_dockside.png",".",".","./index4_logcpuedata_dockside.png"
"index5_logcpuefit_dockside.png","Fit to log index data on log scale for dockside. Lines indicate 95% uncertainty interval around index values. Thicker lines (if present) indicate input uncertainty before addition of estimated additional uncertainty parameter.","Index",2019-04-09 16:02:36,"StartTime: Mon Apr 08 16:44:26 2019","index5_logcpuefit_dockside.png",".",".","./index5_logcpuefit_dockside.png"
"index6_logcpuecheck_dockside.png","log(observed) vs. log(expected) index values with smoother for dockside","Index",2019-04-09 16:02:36,"StartTime: Mon Apr 08 16:44:26 2019","index6_logcpuecheck_dockside.png",".",".","./index6_logcpuecheck_dockside.png"
"index9_standcpueall.png","Standardized indices overlaid","Index",2019-04-09 16:02:36,"StartTime: Mon Apr 08 16:44:26 2019","index9_standcpueall.png",".",".","./index9_standcpueall.png"
"numbers1_sex1_beg.png","Beginning of year expected numbers at age of females in (max ~ 2.5 million)","Numbers",2019-04-09 16:02:36,"StartTime: Mon Apr 08 16:44:26 2019","numbers1_sex1_beg.png",".",".","./numbers1_sex1_beg.png"
"numbers1_sex2_beg.png","Beginning of year expected numbers at age of males in (max ~ 2.5 million)","Numbers",2019-04-09 16:02:36,"StartTime: Mon Apr 08 16:44:26 2019","numbers1_sex2_beg.png",".",".","./numbers1_sex2_beg.png"
"numbers2_meanage_beg.png","Beginning of year mean age in the population","Numbers",2019-04-09 16:02:36,"StartTime: Mon Apr 08 16:44:26 2019","numbers2_meanage_beg.png",".",".","./numbers2_meanage_beg.png"
"numbers1_sex1_mid.png","Middle of year expected numbers at age of females in (max ~ 2.3 million)","Numbers",2019-04-09 16:02:36,"StartTime: Mon Apr 08 16:44:26 2019","numbers1_sex1_mid.png",".",".","./numbers1_sex1_mid.png"
"numbers1_sex2_mid.png","Middle of year expected numbers at age of males in (max ~ 2.4 million)","Numbers",2019-04-09 16:02:36,"StartTime: Mon Apr 08 16:44:26 2019","numbers1_sex2_mid.png",".",".","./numbers1_sex2_mid.png"
"numbers2_meanage_mid.png","Middle of year mean age in the population","Numbers",2019-04-09 16:02:36,"StartTime: Mon Apr 08 16:44:26 2019","numbers2_meanage_mid.png",".",".","./numbers2_meanage_mid.png"
"numbers3_frac_female_age.png","Fraction female in numbers at age","Numbers",2019-04-09 16:02:36,"StartTime: Mon Apr 08 16:44:26 2019","numbers3_frac_female_age.png",".",".","./numbers3_frac_female_age.png"
"numbers6_len_sex1.png","Beginning of year expected numbers at length of females in (max ~ 2.5 million)","Numbers",2019-04-09 16:02:36,"StartTime: Mon Apr 08 16:44:26 2019","numbers6_len_sex1.png",".",".","./numbers6_len_sex1.png"
"numbers6_len_sex2.png","Beginning of year expected numbers at length of males in (max ~ 2.5 million)","Numbers",2019-04-09 16:02:36,"StartTime: Mon Apr 08 16:44:26 2019","numbers6_len_sex2.png",".",".","./numbers6_len_sex2.png"
"numbers7_meanlen.png","Beginning of year mean length (cm) in the population","Numbers",2019-04-09 16:02:36,"StartTime: Mon Apr 08 16:44:26 2019","numbers7_meanlen.png",".",".","./numbers7_meanlen.png"
"numbers6_len_sex1.png","Middle of year expected numbers at length of females in (max ~ 1.4 million)","Numbers",2019-04-09 16:02:36,"StartTime: Mon Apr 08 16:44:26 2019","numbers6_len_sex1.png",".",".","./numbers6_len_sex1.png"
"numbers6_len_sex2.png","Middle of year expected numbers at length of males in (max ~ 1.7 million)","Numbers",2019-04-09 16:02:36,"StartTime: Mon Apr 08 16:44:26 2019","numbers6_len_sex2.png",".",".","./numbers6_len_sex2.png"
"numbers7_meanlen.png","Middle of year mean length (cm) in the population","Numbers",2019-04-09 16:02:36,"StartTime: Mon Apr 08 16:44:26 2019","numbers7_meanlen.png",".",".","./numbers7_meanlen.png"
"numbers8_frac_female_len.png","Middle of year mean length (cm) in the population","Numbers",2019-04-09 16:02:36,"StartTime: Mon Apr 08 16:44:26 2019","numbers8_frac_female_len.png",".",".","./numbers8_frac_female_len.png"
"numbers4_equilagecomp.png","Equilibrium age distribution","Numbers",2019-04-09 16:02:36,"StartTime: Mon Apr 08 16:44:26 2019","numbers4_equilagecomp.png",".",".","./numbers4_equilagecomp.png"
"numbers5_ageerrorSD.png","Ageing imprecision: SD of observed age (yr)","Numbers",2019-04-09 16:02:36,"StartTime: Mon Apr 08 16:44:26 2019","numbers5_ageerrorSD.png",".",".","./numbers5_ageerrorSD.png"
"numbers5_ageerror_matrix_1.png","Ageing imprecision: matrix for method 1 <br>(White = 1.0, Orange = 0.5, Red = 0.0)","Numbers",2019-04-09 16:02:36,"StartTime: Mon Apr 08 16:44:26 2019","numbers5_ageerror_matrix_1.png",".",".","./numbers5_ageerror_matrix_1.png"
"numbers10_ageerror_matrix_1.png","Distribution of observed age at true age 
 for ageing error type 1","Numbers",2019-04-09 16:02:36,"StartTime: Mon Apr 08 16:44:26 2019","numbers10_ageerror_matrix_1.png",".",".","./numbers10_ageerror_matrix_1.png"
"comp_lendat_flt1mkt0.png","Length comp data, whole catch, Trawl.<br><br>'N adj.' is the input sample size after data-weighting adjustment. N eff. is the calculated effective sample size used in the McAllister-Iannelli tuning method.","CompDat",2019-04-09 16:02:36,"StartTime: Mon Apr 08 16:44:26 2019","comp_lendat_flt1mkt0.png",".",".","./comp_lendat_flt1mkt0.png"
"comp_lendat_bubflt1mkt0.png","Length comp data, whole catch, Trawl (max=0.95)","CompDat",2019-04-09 16:02:36,"StartTime: Mon Apr 08 16:44:26 2019","comp_lendat_bubflt1mkt0.png",".",".","./comp_lendat_bubflt1mkt0.png"
"comp_lendat_data_weighting_TA1.8_Trawl.png","Mean length for Trawl with 95% confidence intervals based on current samples sizes.","CompDat",2019-04-09 16:02:36,"StartTime: Mon Apr 08 16:44:26 2019","comp_lendat_data_weighting_TA1.8_Trawl.png",".",".","./comp_lendat_data_weighting_TA1.8_Trawl.png"
"comp_lendat_flt2mkt0.png","Length comp data, whole catch, nonTrawldead.<br><br>'N adj.' is the input sample size after data-weighting adjustment. N eff. is the calculated effective sample size used in the McAllister-Iannelli tuning method.","CompDat",2019-04-09 16:02:36,"StartTime: Mon Apr 08 16:44:26 2019","comp_lendat_flt2mkt0.png",".",".","./comp_lendat_flt2mkt0.png"
"comp_lendat_bubflt2mkt0.png","Length comp data, whole catch, nonTrawldead (max=0.32)","CompDat",2019-04-09 16:02:36,"StartTime: Mon Apr 08 16:44:26 2019","comp_lendat_bubflt2mkt0.png",".",".","./comp_lendat_bubflt2mkt0.png"
"comp_lendat_data_weighting_TA1.8_nonTrawldead.png","Mean length for nonTrawldead with 95% confidence intervals based on current samples sizes.","CompDat",2019-04-09 16:02:36,"StartTime: Mon Apr 08 16:44:26 2019","comp_lendat_data_weighting_TA1.8_nonTrawldead.png",".",".","./comp_lendat_data_weighting_TA1.8_nonTrawldead.png"
"comp_lendat_flt3mkt0.png","Length comp data, whole catch, nonTrawllive.<br><br>'N adj.' is the input sample size after data-weighting adjustment. N eff. is the calculated effective sample size used in the McAllister-Iannelli tuning method.","CompDat",2019-04-09 16:02:36,"StartTime: Mon Apr 08 16:44:26 2019","comp_lendat_flt3mkt0.png",".",".","./comp_lendat_flt3mkt0.png"
"comp_lendat_bubflt3mkt0.png","Length comp data, whole catch, nonTrawllive (max=0.42)","CompDat",2019-04-09 16:02:36,"StartTime: Mon Apr 08 16:44:26 2019","comp_lendat_bubflt3mkt0.png",".",".","./comp_lendat_bubflt3mkt0.png"
"comp_lendat_data_weighting_TA1.8_nonTrawllive.png","Mean length for nonTrawllive with 95% confidence intervals based on current samples sizes.","CompDat",2019-04-09 16:02:36,"StartTime: Mon Apr 08 16:44:26 2019","comp_lendat_data_weighting_TA1.8_nonTrawllive.png",".",".","./comp_lendat_data_weighting_TA1.8_nonTrawllive.png"
"comp_lendat_flt4mkt0.png","Length comp data, whole catch, Rec.<br><br>'N adj.' is the input sample size after data-weighting adjustment. N eff. is the calculated effective sample size used in the McAllister-Iannelli tuning method.","CompDat",2019-04-09 16:02:36,"StartTime: Mon Apr 08 16:44:26 2019","comp_lendat_flt4mkt0.png",".",".","./comp_lendat_flt4mkt0.png"
"comp_lendat_bubflt4mkt0.png","Length comp data, whole catch, Rec (max=0.34)","CompDat",2019-04-09 16:02:36,"StartTime: Mon Apr 08 16:44:26 2019","comp_lendat_bubflt4mkt0.png",".",".","./comp_lendat_bubflt4mkt0.png"
"comp_lendat_data_weighting_TA1.8_Rec.png","Mean length for Rec with 95% confidence intervals based on current samples sizes.","CompDat",2019-04-09 16:02:36,"StartTime: Mon Apr 08 16:44:26 2019","comp_lendat_data_weighting_TA1.8_Rec.png",".",".","./comp_lendat_data_weighting_TA1.8_Rec.png"
"comp_lendat_flt5mkt0.png","Length comp data, whole catch, OnboardCPUE.<br><br>'N adj.' is the input sample size after data-weighting adjustment. N eff. is the calculated effective sample size used in the McAllister-Iannelli tuning method.","CompDat",2019-04-09 16:02:36,"StartTime: Mon Apr 08 16:44:26 2019","comp_lendat_flt5mkt0.png",".",".","./comp_lendat_flt5mkt0.png"
"comp_lendat_bubflt5mkt0.png","Length comp data, whole catch, OnboardCPUE (max=0.27)","CompDat",2019-04-09 16:02:36,"StartTime: Mon Apr 08 16:44:26 2019","comp_lendat_bubflt5mkt0.png",".",".","./comp_lendat_bubflt5mkt0.png"
"comp_lendat_data_weighting_TA1.8_OnboardCPUE.png","Mean length for OnboardCPUE with 95% confidence intervals based on current samples sizes.","CompDat",2019-04-09 16:02:36,"StartTime: Mon Apr 08 16:44:26 2019","comp_lendat_data_weighting_TA1.8_OnboardCPUE.png",".",".","./comp_lendat_data_weighting_TA1.8_OnboardCPUE.png"
"comp_lendat_flt7mkt0.png","Length comp data, whole catch, RecResearch.<br><br>'N adj.' is the input sample size after data-weighting adjustment. N eff. is the calculated effective sample size used in the McAllister-Iannelli tuning method.","CompDat",2019-04-09 16:02:36,"StartTime: Mon Apr 08 16:44:26 2019","comp_lendat_flt7mkt0.png",".",".","./comp_lendat_flt7mkt0.png"
"comp_lendat_bubflt7mkt0.png","Length comp data, whole catch, RecResearch (max=0.31)","CompDat",2019-04-09 16:02:36,"StartTime: Mon Apr 08 16:44:26 2019","comp_lendat_bubflt7mkt0.png",".",".","./comp_lendat_bubflt7mkt0.png"
"comp_lendat_data_weighting_TA1.8_RecResearch.png","Mean length for RecResearch with 95% confidence intervals based on current samples sizes.","CompDat",2019-04-09 16:02:36,"StartTime: Mon Apr 08 16:44:26 2019","comp_lendat_data_weighting_TA1.8_RecResearch.png",".",".","./comp_lendat_data_weighting_TA1.8_RecResearch.png"
"comp_lendat__aggregated_across_time.png","Length comp data, aggregated across time by fleet.
 <br> Labels 'retained' and 'discard' indicate discarded or retained sampled for each fleet. Panels without this designation represent the whole catch.
","CompDat",2019-04-09 16:02:36,"StartTime: Mon Apr 08 16:44:26 2019","comp_lendat__aggregated_across_time.png",".",".","./comp_lendat__aggregated_across_time.png"
"comp_lendat__multi-fleet_comparison.png","Length comp data,  comparing across fleets","CompDat",2019-04-09 16:02:36,"StartTime: Mon Apr 08 16:44:26 2019","comp_lendat__multi-fleet_comparison.png",".",".","./comp_lendat__multi-fleet_comparison.png"
"comp_gstagedat_flt1mkt0.png","Ghost age comp data, whole catch, Trawl.<br><br>'N adj.' is the input sample size after data-weighting adjustment. N eff. is the calculated effective sample size used in the McAllister-Iannelli tuning method.","CompDat",2019-04-09 16:02:36,"StartTime: Mon Apr 08 16:44:26 2019","comp_gstagedat_flt1mkt0.png",".",".","./comp_gstagedat_flt1mkt0.png"
"comp_gstagedat_bubflt1mkt0.png","Ghost age comp data, whole catch, Trawl (max=0.23)","CompDat",2019-04-09 16:02:36,"StartTime: Mon Apr 08 16:44:26 2019","comp_gstagedat_bubflt1mkt0.png",".",".","./comp_gstagedat_bubflt1mkt0.png"
"comp_gstagedat_flt2mkt0.png","Ghost age comp data, whole catch, nonTrawldead.<br><br>'N adj.' is the input sample size after data-weighting adjustment. N eff. is the calculated effective sample size used in the McAllister-Iannelli tuning method.","CompDat",2019-04-09 16:02:36,"StartTime: Mon Apr 08 16:44:26 2019","comp_gstagedat_flt2mkt0.png",".",".","./comp_gstagedat_flt2mkt0.png"
"comp_gstagedat_bubflt2mkt0.png","Ghost age comp data, whole catch, nonTrawldead (max=0.1)","CompDat",2019-04-09 16:02:36,"StartTime: Mon Apr 08 16:44:26 2019","comp_gstagedat_bubflt2mkt0.png",".",".","./comp_gstagedat_bubflt2mkt0.png"
"comp_gstagedat_flt4mkt0.png","Ghost age comp data, whole catch, Rec.<br><br>'N adj.' is the input sample size after data-weighting adjustment. N eff. is the calculated effective sample size used in the McAllister-Iannelli tuning method.","CompDat",2019-04-09 16:02:36,"StartTime: Mon Apr 08 16:44:26 2019","comp_gstagedat_flt4mkt0.png",".",".","./comp_gstagedat_flt4mkt0.png"
"comp_gstagedat_bubflt4mkt0.png","Ghost age comp data, whole catch, Rec (max=0.31)","CompDat",2019-04-09 16:02:36,"StartTime: Mon Apr 08 16:44:26 2019","comp_gstagedat_bubflt4mkt0.png",".",".","./comp_gstagedat_bubflt4mkt0.png"
"comp_gstagedat_flt7mkt0.png","Ghost age comp data, whole catch, RecResearch.<br><br>'N adj.' is the input sample size after data-weighting adjustment. N eff. is the calculated effective sample size used in the McAllister-Iannelli tuning method.","CompDat",2019-04-09 16:02:36,"StartTime: Mon Apr 08 16:44:26 2019","comp_gstagedat_flt7mkt0.png",".",".","./comp_gstagedat_flt7mkt0.png"
"comp_gstagedat_bubflt7mkt0.png","Ghost age comp data, whole catch, RecResearch (max=0.47)","CompDat",2019-04-09 16:02:36,"StartTime: Mon Apr 08 16:44:26 2019","comp_gstagedat_bubflt7mkt0.png",".",".","./comp_gstagedat_bubflt7mkt0.png"
"comp_condAALdat_bubflt1mkt0.png","Conditional age-at-length data, whole catch, Trawl (max=0.97)","CompDat",2019-04-09 16:02:36,"StartTime: Mon Apr 08 16:44:26 2019","comp_condAALdat_bubflt1mkt0.png",".",".","./comp_condAALdat_bubflt1mkt0.png"
"comp_condAALdat_data_weighting_TA1.8_condAgeTrawl.png","Mean age from conditional data (aggregated across length bins) for Trawl with 95% confidence intervals  based on current samples sizes.","CompDat",2019-04-09 16:02:36,"StartTime: Mon Apr 08 16:44:26 2019","comp_condAALdat_data_weighting_TA1.8_condAgeTrawl.png",".",".","./comp_condAALdat_data_weighting_TA1.8_condAgeTrawl.png"
"comp_condAALdat_Andre_plotsflt1mkt0.png","Conditional AAL plot, whole catch, Trawl
These plots show mean age and std. dev. in conditional A@L.<br>Left plots are mean A@L by size-class (obs. and pred.) with 90% CIs based on adding 1.64 SE of mean to the data.<br>Right plots in each pair are SE of mean A@L (obs. and pred.) with 90% CIs based on the chi-square distribution.","CompDat",2019-04-09 16:02:36,"StartTime: Mon Apr 08 16:44:26 2019","comp_condAALdat_Andre_plotsflt1mkt0.png",".",".","./comp_condAALdat_Andre_plotsflt1mkt0.png"
"comp_condAALdat_bubflt2mkt0.png","Conditional age-at-length data, whole catch, nonTrawldead (max=0.97)","CompDat",2019-04-09 16:02:36,"StartTime: Mon Apr 08 16:44:26 2019","comp_condAALdat_bubflt2mkt0.png",".",".","./comp_condAALdat_bubflt2mkt0.png"
"comp_condAALdat_data_weighting_TA1.8_condAgenonTrawldead.png","Mean age from conditional data (aggregated across length bins) for nonTrawldead with 95% confidence intervals  based on current samples sizes.","CompDat",2019-04-09 16:02:36,"StartTime: Mon Apr 08 16:44:26 2019","comp_condAALdat_data_weighting_TA1.8_condAgenonTrawldead.png",".",".","./comp_condAALdat_data_weighting_TA1.8_condAgenonTrawldead.png"
"comp_condAALdat_Andre_plotsflt2mkt0.png","Conditional AAL plot, whole catch, nonTrawldead
These plots show mean age and std. dev. in conditional A@L.<br>Left plots are mean A@L by size-class (obs. and pred.) with 90% CIs based on adding 1.64 SE of mean to the data.<br>Right plots in each pair are SE of mean A@L (obs. and pred.) with 90% CIs based on the chi-square distribution.","CompDat",2019-04-09 16:02:36,"StartTime: Mon Apr 08 16:44:26 2019","comp_condAALdat_Andre_plotsflt2mkt0.png",".",".","./comp_condAALdat_Andre_plotsflt2mkt0.png"
"comp_condAALdat_bubflt4mkt0.png","Conditional age-at-length data, whole catch, Rec (max=0.97)","CompDat",2019-04-09 16:02:36,"StartTime: Mon Apr 08 16:44:26 2019","comp_condAALdat_bubflt4mkt0.png",".",".","./comp_condAALdat_bubflt4mkt0.png"
"comp_condAALdat_data_weighting_TA1.8_condAgeRec.png","Mean age from conditional data (aggregated across length bins) for Rec with 95% confidence intervals  based on current samples sizes.","CompDat",2019-04-09 16:02:36,"StartTime: Mon Apr 08 16:44:26 2019","comp_condAALdat_data_weighting_TA1.8_condAgeRec.png",".",".","./comp_condAALdat_data_weighting_TA1.8_condAgeRec.png"
"comp_condAALdat_Andre_plotsflt4mkt0_page1.png","Conditional AAL plot, whole catch, Rec (plot 1 of 2)
These plots show mean age and std. dev. in conditional A@L.<br>Left plots are mean A@L by size-class (obs. and pred.) with 90% CIs based on adding 1.64 SE of mean to the data.<br>Right plots in each pair are SE of mean A@L (obs. and pred.) with 90% CIs based on the chi-square distribution.","CompDat",2019-04-09 16:02:36,"StartTime: Mon Apr 08 16:44:26 2019","comp_condAALdat_Andre_plotsflt4mkt0_page1.png",".",".","./comp_condAALdat_Andre_plotsflt4mkt0_page1.png"
"comp_condAALdat_Andre_plotsflt4mkt0_page2.png","Conditional AAL plot, whole catch, Rec (plot 2 of 2)","CompDat",2019-04-09 16:02:36,"StartTime: Mon Apr 08 16:44:26 2019","comp_condAALdat_Andre_plotsflt4mkt0_page2.png",".",".","./comp_condAALdat_Andre_plotsflt4mkt0_page2.png"
"comp_condAALdat_bubflt7mkt0_page1.png","Conditional age-at-length data, whole catch, RecResearch (max=0.97) (plot 1 of 2)","CompDat",2019-04-09 16:02:36,"StartTime: Mon Apr 08 16:44:26 2019","comp_condAALdat_bubflt7mkt0_page1.png",".",".","./comp_condAALdat_bubflt7mkt0_page1.png"
"comp_condAALdat_bubflt7mkt0_page2.png","Conditional age-at-length data, whole catch, RecResearch (max=0.97) (plot 1 of 2) (plot 2 of 2)","CompDat",2019-04-09 16:02:36,"StartTime: Mon Apr 08 16:44:26 2019","comp_condAALdat_bubflt7mkt0_page2.png",".",".","./comp_condAALdat_bubflt7mkt0_page2.png"
"comp_condAALdat_data_weighting_TA1.8_condAgeRecResearch.png","Mean age from conditional data (aggregated across length bins) for RecResearch with 95% confidence intervals  based on current samples sizes.","CompDat",2019-04-09 16:02:36,"StartTime: Mon Apr 08 16:44:26 2019","comp_condAALdat_data_weighting_TA1.8_condAgeRecResearch.png",".",".","./comp_condAALdat_data_weighting_TA1.8_condAgeRecResearch.png"
"comp_condAALdat_Andre_plotsflt7mkt0_page1.png","Conditional AAL plot, whole catch, RecResearch (plot 1 of 3)
These plots show mean age and std. dev. in conditional A@L.<br>Left plots are mean A@L by size-class (obs. and pred.) with 90% CIs based on adding 1.64 SE of mean to the data.<br>Right plots in each pair are SE of mean A@L (obs. and pred.) with 90% CIs based on the chi-square distribution.","CompDat",2019-04-09 16:02:36,"StartTime: Mon Apr 08 16:44:26 2019","comp_condAALdat_Andre_plotsflt7mkt0_page1.png",".",".","./comp_condAALdat_Andre_plotsflt7mkt0_page1.png"
"comp_condAALdat_Andre_plotsflt7mkt0_page2.png","Conditional AAL plot, whole catch, RecResearch (plot 2 of 3)","CompDat",2019-04-09 16:02:36,"StartTime: Mon Apr 08 16:44:26 2019","comp_condAALdat_Andre_plotsflt7mkt0_page2.png",".",".","./comp_condAALdat_Andre_plotsflt7mkt0_page2.png"
"comp_condAALdat_Andre_plotsflt7mkt0_page3.png","Conditional AAL plot, whole catch, RecResearch (plot 3 of 3)","CompDat",2019-04-09 16:02:36,"StartTime: Mon Apr 08 16:44:26 2019","comp_condAALdat_Andre_plotsflt7mkt0_page3.png",".",".","./comp_condAALdat_Andre_plotsflt7mkt0_page3.png"
"comp_lenfit_flt1mkt0.png","Length comps, whole catch, Trawl.<br><br>'N adj.' is the input sample size after data-weighting adjustment. N eff. is the calculated effective sample size used in the McAllister-Iannelli tuning method.","LenComp",2019-04-09 16:02:36,"StartTime: Mon Apr 08 16:44:26 2019","comp_lenfit_flt1mkt0.png",".",".","./comp_lenfit_flt1mkt0.png"
"comp_lenfit_residsflt1mkt0.png","Pearson residuals, whole catch, Trawl (max=5.4) <br> 
Closed bubbles are positive residuals (observed > expected) and open bubbles are negative residuals (observed < expected).","LenComp",2019-04-09 16:02:36,"StartTime: Mon Apr 08 16:44:26 2019","comp_lenfit_residsflt1mkt0.png",".",".","./comp_lenfit_residsflt1mkt0.png"
"comp_lenfit_sampsize_flt1mkt0.png","N-EffN comparison, Length comps, whole catch, Trawl","LenComp",2019-04-09 16:02:36,"StartTime: Mon Apr 08 16:44:26 2019","comp_lenfit_sampsize_flt1mkt0.png",".",".","./comp_lenfit_sampsize_flt1mkt0.png"
"comp_lenfit_data_weighting_TA1.8_Trawl.png","Mean length for Trawl with 95% confidence intervals based on current samples sizes.<br>Francis data weighting method TA1.8: thinner intervals (with capped ends) show result of further adjusting sample sizes based on suggested multiplier (with 95% interval) for len data from Trawl:<br>1.621 (1.0676-3.4889) <br><br>For more info, see<br> <blockquote>Francis, R.I.C.C. (2011). Data weighting in statistical fisheries stock assessment models. <i>Can. J. Fish. Aquat. Sci.</i> 68: 1124-1138.  <a href=https://doi.org/10.1139/f2011-025> https://doi.org/10.1139/f2011-025</a> </blockquote>","LenComp",2019-04-09 16:02:36,"StartTime: Mon Apr 08 16:44:26 2019","comp_lenfit_data_weighting_TA1.8_Trawl.png",".",".","./comp_lenfit_data_weighting_TA1.8_Trawl.png"
"comp_lenfit_flt2mkt0.png","Length comps, whole catch, nonTrawldead.<br><br>'N adj.' is the input sample size after data-weighting adjustment. N eff. is the calculated effective sample size used in the McAllister-Iannelli tuning method.","LenComp",2019-04-09 16:02:36,"StartTime: Mon Apr 08 16:44:26 2019","comp_lenfit_flt2mkt0.png",".",".","./comp_lenfit_flt2mkt0.png"
"comp_lenfit_residsflt2mkt0.png","Pearson residuals, whole catch, nonTrawldead (max=4.78) <br> 
Closed bubbles are positive residuals (observed > expected) and open bubbles are negative residuals (observed < expected).","LenComp",2019-04-09 16:02:36,"StartTime: Mon Apr 08 16:44:26 2019","comp_lenfit_residsflt2mkt0.png",".",".","./comp_lenfit_residsflt2mkt0.png"
"comp_lenfit_sampsize_flt2mkt0.png","N-EffN comparison, Length comps, whole catch, nonTrawldead","LenComp",2019-04-09 16:02:36,"StartTime: Mon Apr 08 16:44:26 2019","comp_lenfit_sampsize_flt2mkt0.png",".",".","./comp_lenfit_sampsize_flt2mkt0.png"
"comp_lenfit_data_weighting_TA1.8_nonTrawldead.png","Mean length for nonTrawldead with 95% confidence intervals based on current samples sizes.<br>Francis data weighting method TA1.8: thinner intervals (with capped ends) show result of further adjusting sample sizes based on suggested multiplier (with 95% interval) for len data from nonTrawldead:<br>1.1457 (0.7646-2.1146) <br><br>For more info, see<br> <blockquote>Francis, R.I.C.C. (2011). Data weighting in statistical fisheries stock assessment models. <i>Can. J. Fish. Aquat. Sci.</i> 68: 1124-1138.  <a href=https://doi.org/10.1139/f2011-025> https://doi.org/10.1139/f2011-025</a> </blockquote>","LenComp",2019-04-09 16:02:36,"StartTime: Mon Apr 08 16:44:26 2019","comp_lenfit_data_weighting_TA1.8_nonTrawldead.png",".",".","./comp_lenfit_data_weighting_TA1.8_nonTrawldead.png"
"comp_lenfit_flt3mkt0.png","Length comps, whole catch, nonTrawllive.<br><br>'N adj.' is the input sample size after data-weighting adjustment. N eff. is the calculated effective sample size used in the McAllister-Iannelli tuning method.","LenComp",2019-04-09 16:02:36,"StartTime: Mon Apr 08 16:44:26 2019","comp_lenfit_flt3mkt0.png",".",".","./comp_lenfit_flt3mkt0.png"
"comp_lenfit_residsflt3mkt0.png","Pearson residuals, whole catch, nonTrawllive (max=2.68) <br> 
Closed bubbles are positive residuals (observed > expected) and open bubbles are negative residuals (observed < expected).","LenComp",2019-04-09 16:02:36,"StartTime: Mon Apr 08 16:44:26 2019","comp_lenfit_residsflt3mkt0.png",".",".","./comp_lenfit_residsflt3mkt0.png"
"comp_lenfit_sampsize_flt3mkt0.png","N-EffN comparison, Length comps, whole catch, nonTrawllive","LenComp",2019-04-09 16:02:36,"StartTime: Mon Apr 08 16:44:26 2019","comp_lenfit_sampsize_flt3mkt0.png",".",".","./comp_lenfit_sampsize_flt3mkt0.png"
"comp_lenfit_data_weighting_TA1.8_nonTrawllive.png","Mean length for nonTrawllive with 95% confidence intervals based on current samples sizes.<br>Francis data weighting method TA1.8: thinner intervals (with capped ends) show result of further adjusting sample sizes based on suggested multiplier (with 95% interval) for len data from nonTrawllive:<br>1.1688 (0.8952-2.1288) <br><br>For more info, see<br> <blockquote>Francis, R.I.C.C. (2011). Data weighting in statistical fisheries stock assessment models. <i>Can. J. Fish. Aquat. Sci.</i> 68: 1124-1138.  <a href=https://doi.org/10.1139/f2011-025> https://doi.org/10.1139/f2011-025</a> </blockquote>","LenComp",2019-04-09 16:02:36,"StartTime: Mon Apr 08 16:44:26 2019","comp_lenfit_data_weighting_TA1.8_nonTrawllive.png",".",".","./comp_lenfit_data_weighting_TA1.8_nonTrawllive.png"
"comp_lenfit_flt4mkt0.png","Length comps, whole catch, Rec.<br><br>'N adj.' is the input sample size after data-weighting adjustment. N eff. is the calculated effective sample size used in the McAllister-Iannelli tuning method.","LenComp",2019-04-09 16:02:36,"StartTime: Mon Apr 08 16:44:26 2019","comp_lenfit_flt4mkt0.png",".",".","./comp_lenfit_flt4mkt0.png"
"comp_lenfit_residsflt4mkt0.png","Pearson residuals, whole catch, Rec (max=2.17) <br> 
Closed bubbles are positive residuals (observed > expected) and open bubbles are negative residuals (observed < expected).","LenComp",2019-04-09 16:02:36,"StartTime: Mon Apr 08 16:44:26 2019","comp_lenfit_residsflt4mkt0.png",".",".","./comp_lenfit_residsflt4mkt0.png"
"comp_lenfit_sampsize_flt4mkt0.png","N-EffN comparison, Length comps, whole catch, Rec","LenComp",2019-04-09 16:02:36,"StartTime: Mon Apr 08 16:44:26 2019","comp_lenfit_sampsize_flt4mkt0.png",".",".","./comp_lenfit_sampsize_flt4mkt0.png"
"comp_lenfit_data_weighting_TA1.8_Rec.png","Mean length for Rec with 95% confidence intervals based on current samples sizes.<br>Francis data weighting method TA1.8: thinner intervals (with capped ends) show result of further adjusting sample sizes based on suggested multiplier (with 95% interval) for len data from Rec:<br>1.1332 (0.8128-1.9372) <br><br>For more info, see<br> <blockquote>Francis, R.I.C.C. (2011). Data weighting in statistical fisheries stock assessment models. <i>Can. J. Fish. Aquat. Sci.</i> 68: 1124-1138.  <a href=https://doi.org/10.1139/f2011-025> https://doi.org/10.1139/f2011-025</a> </blockquote>","LenComp",2019-04-09 16:02:36,"StartTime: Mon Apr 08 16:44:26 2019","comp_lenfit_data_weighting_TA1.8_Rec.png",".",".","./comp_lenfit_data_weighting_TA1.8_Rec.png"
"comp_lenfit_flt5mkt0.png","Length comps, whole catch, OnboardCPUE.<br><br>'N adj.' is the input sample size after data-weighting adjustment. N eff. is the calculated effective sample size used in the McAllister-Iannelli tuning method.","LenComp",2019-04-09 16:02:36,"StartTime: Mon Apr 08 16:44:26 2019","comp_lenfit_flt5mkt0.png",".",".","./comp_lenfit_flt5mkt0.png"
"comp_lenfit_residsflt5mkt0.png","Pearson residuals, whole catch, OnboardCPUE (max=1.73) <br> 
Closed bubbles are positive residuals (observed > expected) and open bubbles are negative residuals (observed < expected).","LenComp",2019-04-09 16:02:36,"StartTime: Mon Apr 08 16:44:26 2019","comp_lenfit_residsflt5mkt0.png",".",".","./comp_lenfit_residsflt5mkt0.png"
"comp_lenfit_sampsize_flt5mkt0.png","N-EffN comparison, Length comps, whole catch, OnboardCPUE","LenComp",2019-04-09 16:02:36,"StartTime: Mon Apr 08 16:44:26 2019","comp_lenfit_sampsize_flt5mkt0.png",".",".","./comp_lenfit_sampsize_flt5mkt0.png"
"comp_lenfit_data_weighting_TA1.8_OnboardCPUE.png","Mean length for OnboardCPUE with 95% confidence intervals based on current samples sizes.<br>Francis data weighting method TA1.8: thinner intervals (with capped ends) show result of further adjusting sample sizes based on suggested multiplier (with 95% interval) for len data from OnboardCPUE:<br>1.0402 (0.7073-2.5187) <br><br>For more info, see<br> <blockquote>Francis, R.I.C.C. (2011). Data weighting in statistical fisheries stock assessment models. <i>Can. J. Fish. Aquat. Sci.</i> 68: 1124-1138.  <a href=https://doi.org/10.1139/f2011-025> https://doi.org/10.1139/f2011-025</a> </blockquote>","LenComp",2019-04-09 16:02:36,"StartTime: Mon Apr 08 16:44:26 2019","comp_lenfit_data_weighting_TA1.8_OnboardCPUE.png",".",".","./comp_lenfit_data_weighting_TA1.8_OnboardCPUE.png"
"comp_lenfit_flt7mkt0.png","Length comps, whole catch, RecResearch.<br><br>'N adj.' is the input sample size after data-weighting adjustment. N eff. is the calculated effective sample size used in the McAllister-Iannelli tuning method.","LenComp",2019-04-09 16:02:36,"StartTime: Mon Apr 08 16:44:26 2019","comp_lenfit_flt7mkt0.png",".",".","./comp_lenfit_flt7mkt0.png"
"comp_lenfit_residsflt7mkt0.png","Pearson residuals, whole catch, RecResearch (max=1.81) <br> 
Closed bubbles are positive residuals (observed > expected) and open bubbles are negative residuals (observed < expected).","LenComp",2019-04-09 16:02:36,"StartTime: Mon Apr 08 16:44:26 2019","comp_lenfit_residsflt7mkt0.png",".",".","./comp_lenfit_residsflt7mkt0.png"
"comp_lenfit_sampsize_flt7mkt0.png","N-EffN comparison, Length comps, whole catch, RecResearch","LenComp",2019-04-09 16:02:36,"StartTime: Mon Apr 08 16:44:26 2019","comp_lenfit_sampsize_flt7mkt0.png",".",".","./comp_lenfit_sampsize_flt7mkt0.png"
"comp_lenfit_data_weighting_TA1.8_RecResearch.png","Mean length for RecResearch with 95% confidence intervals based on current samples sizes.<br>Francis data weighting method TA1.8: thinner intervals (with capped ends) show result of further adjusting sample sizes based on suggested multiplier (with 95% interval) for len data from RecResearch:<br>1.0026 (0.6241-4.4513) <br><br>For more info, see<br> <blockquote>Francis, R.I.C.C. (2011). Data weighting in statistical fisheries stock assessment models. <i>Can. J. Fish. Aquat. Sci.</i> 68: 1124-1138.  <a href=https://doi.org/10.1139/f2011-025> https://doi.org/10.1139/f2011-025</a> </blockquote>","LenComp",2019-04-09 16:02:36,"StartTime: Mon Apr 08 16:44:26 2019","comp_lenfit_data_weighting_TA1.8_RecResearch.png",".",".","./comp_lenfit_data_weighting_TA1.8_RecResearch.png"
"comp_lenfit__aggregated_across_time.png","Length comps, aggregated across time by fleet.
 <br> Labels 'retained' and 'discard' indicate discarded or retained sampled for each fleet. Panels without this designation represent the whole catch.
","LenComp",2019-04-09 16:02:36,"StartTime: Mon Apr 08 16:44:26 2019","comp_lenfit__aggregated_across_time.png",".",".","./comp_lenfit__aggregated_across_time.png"
"comp_lenfit__multi-fleet_comparison.png","Pearson residuals,  comparing across fleets <br> 
Closed bubbles are positive residuals (observed > expected) and open bubbles are negative residuals (observed < expected).","LenComp",2019-04-09 16:02:36,"StartTime: Mon Apr 08 16:44:26 2019","comp_lenfit__multi-fleet_comparison.png",".",".","./comp_lenfit__multi-fleet_comparison.png"
"comp_gstagefit_flt1mkt0.png","Ghost age comps, whole catch, Trawl.<br><br>'N adj.' is the input sample size after data-weighting adjustment. N eff. is the calculated effective sample size used in the McAllister-Iannelli tuning method.","AgeComp",2019-04-09 16:02:36,"StartTime: Mon Apr 08 16:44:26 2019","comp_gstagefit_flt1mkt0.png",".",".","./comp_gstagefit_flt1mkt0.png"
"comp_gstagefit_residsflt1mkt0.png","Pearson residuals, whole catch, Trawl (max=NA) <br> 
Closed bubbles are positive residuals (observed > expected) and open bubbles are negative residuals (observed < expected).","AgeComp",2019-04-09 16:02:36,"StartTime: Mon Apr 08 16:44:26 2019","comp_gstagefit_residsflt1mkt0.png",".",".","./comp_gstagefit_residsflt1mkt0.png"
"comp_gstagefit_flt2mkt0.png","Ghost age comps, whole catch, nonTrawldead.<br><br>'N adj.' is the input sample size after data-weighting adjustment. N eff. is the calculated effective sample size used in the McAllister-Iannelli tuning method.","AgeComp",2019-04-09 16:02:36,"StartTime: Mon Apr 08 16:44:26 2019","comp_gstagefit_flt2mkt0.png",".",".","./comp_gstagefit_flt2mkt0.png"
"comp_gstagefit_residsflt2mkt0.png","Pearson residuals, whole catch, nonTrawldead (max=NA) <br> 
Closed bubbles are positive residuals (observed > expected) and open bubbles are negative residuals (observed < expected).","AgeComp",2019-04-09 16:02:36,"StartTime: Mon Apr 08 16:44:26 2019","comp_gstagefit_residsflt2mkt0.png",".",".","./comp_gstagefit_residsflt2mkt0.png"
"comp_gstagefit_flt4mkt0.png","Ghost age comps, whole catch, Rec.<br><br>'N adj.' is the input sample size after data-weighting adjustment. N eff. is the calculated effective sample size used in the McAllister-Iannelli tuning method.","AgeComp",2019-04-09 16:02:36,"StartTime: Mon Apr 08 16:44:26 2019","comp_gstagefit_flt4mkt0.png",".",".","./comp_gstagefit_flt4mkt0.png"
"comp_gstagefit_residsflt4mkt0.png","Pearson residuals, whole catch, Rec (max=NA) <br> 
Closed bubbles are positive residuals (observed > expected) and open bubbles are negative residuals (observed < expected).","AgeComp",2019-04-09 16:02:36,"StartTime: Mon Apr 08 16:44:26 2019","comp_gstagefit_residsflt4mkt0.png",".",".","./comp_gstagefit_residsflt4mkt0.png"
"comp_gstagefit_flt7mkt0.png","Ghost age comps, whole catch, RecResearch.<br><br>'N adj.' is the input sample size after data-weighting adjustment. N eff. is the calculated effective sample size used in the McAllister-Iannelli tuning method.","AgeComp",2019-04-09 16:02:36,"StartTime: Mon Apr 08 16:44:26 2019","comp_gstagefit_flt7mkt0.png",".",".","./comp_gstagefit_flt7mkt0.png"
"comp_gstagefit_residsflt7mkt0.png","Pearson residuals, whole catch, RecResearch (max=NA) <br> 
Closed bubbles are positive residuals (observed > expected) and open bubbles are negative residuals (observed < expected).","AgeComp",2019-04-09 16:02:36,"StartTime: Mon Apr 08 16:44:26 2019","comp_gstagefit_residsflt7mkt0.png",".",".","./comp_gstagefit_residsflt7mkt0.png"
"comp_condAALfit_residsflt1mkt0.png","Pearson residuals, whole catch, Trawl (max=9.2)","A@LComp",2019-04-09 16:02:36,"StartTime: Mon Apr 08 16:44:26 2019","comp_condAALfit_residsflt1mkt0.png",".",".","./comp_condAALfit_residsflt1mkt0.png"
"comp_condAALfit_residsflt2mkt0.png","Pearson residuals, whole catch, nonTrawldead (max=13.66)","A@LComp",2019-04-09 16:02:36,"StartTime: Mon Apr 08 16:44:26 2019","comp_condAALfit_residsflt2mkt0.png",".",".","./comp_condAALfit_residsflt2mkt0.png"
"comp_condAALfit_residsflt4mkt0.png","Pearson residuals, whole catch, Rec (max=30.62)","A@LComp",2019-04-09 16:02:36,"StartTime: Mon Apr 08 16:44:26 2019","comp_condAALfit_residsflt4mkt0.png",".",".","./comp_condAALfit_residsflt4mkt0.png"
"comp_condAALfit_residsflt7mkt0_page1.png","Pearson residuals, whole catch, RecResearch (max=40.44) (plot 1 of 2)","A@LComp",2019-04-09 16:02:36,"StartTime: Mon Apr 08 16:44:26 2019","comp_condAALfit_residsflt7mkt0_page1.png",".",".","./comp_condAALfit_residsflt7mkt0_page1.png"
"comp_condAALfit_residsflt7mkt0_page2.png","Pearson residuals, whole catch, RecResearch (max=40.44) (plot 1 of 2) (plot 2 of 2)","A@LComp",2019-04-09 16:02:36,"StartTime: Mon Apr 08 16:44:26 2019","comp_condAALfit_residsflt7mkt0_page2.png",".",".","./comp_condAALfit_residsflt7mkt0_page2.png"
"comp_condAALfit_data_weighting_TA1.8_condAgeTrawl.png","Mean age from conditional data (aggregated across length bins) for Trawl with 95% confidence intervals  based on current samples sizes.<br>Francis data weighting method TA1.8: thinner intervals (with capped ends) show result of further adjusting sample sizes based on suggested multiplier (with 95% interval) for conditional age-at-length data from Trawl:<br>0.5119 (0.3928-Inf) <br><br>For more info, see<br> <blockquote>Francis, R.I.C.C. (2011). Data weighting in statistical fisheries stock assessment models. <i>Can. J. Fish. Aquat. Sci.</i> 68: 1124-1138.</blockquote>","A@LComp",2019-04-09 16:02:36,"StartTime: Mon Apr 08 16:44:26 2019","comp_condAALfit_data_weighting_TA1.8_condAgeTrawl.png",".",".","./comp_condAALfit_data_weighting_TA1.8_condAgeTrawl.png"
"comp_condAALfit_Andre_plotsflt1mkt0.png","Conditional AAL plot, whole catch, Trawl
These plots show mean age and std. dev. in conditional A@L.<br>Left plots are mean A@L by size-class (obs. and pred.) with 90% CIs based on adding 1.64 SE of mean to the data.<br>Right plots in each pair are SE of mean A@L (obs. and pred.) with 90% CIs based on the chi-square distribution.","A@LComp",2019-04-09 16:02:36,"StartTime: Mon Apr 08 16:44:26 2019","comp_condAALfit_Andre_plotsflt1mkt0.png",".",".","./comp_condAALfit_Andre_plotsflt1mkt0.png"
"comp_condAALfit_data_weighting_TA1.8_condAgenonTrawldead.png","Mean age from conditional data (aggregated across length bins) for nonTrawldead with 95% confidence intervals  based on current samples sizes.<br>Francis data weighting method TA1.8: thinner intervals (with capped ends) show result of further adjusting sample sizes based on suggested multiplier (with 95% interval) for conditional age-at-length data from nonTrawldead:<br>1.1278 (1.1278-Inf) <br><br>For more info, see<br> <blockquote>Francis, R.I.C.C. (2011). Data weighting in statistical fisheries stock assessment models. <i>Can. J. Fish. Aquat. Sci.</i> 68: 1124-1138.</blockquote>","A@LComp",2019-04-09 16:02:36,"StartTime: Mon Apr 08 16:44:26 2019","comp_condAALfit_data_weighting_TA1.8_condAgenonTrawldead.png",".",".","./comp_condAALfit_data_weighting_TA1.8_condAgenonTrawldead.png"
"comp_condAALfit_Andre_plotsflt2mkt0.png","Conditional AAL plot, whole catch, nonTrawldead
These plots show mean age and std. dev. in conditional A@L.<br>Left plots are mean A@L by size-class (obs. and pred.) with 90% CIs based on adding 1.64 SE of mean to the data.<br>Right plots in each pair are SE of mean A@L (obs. and pred.) with 90% CIs based on the chi-square distribution.","A@LComp",2019-04-09 16:02:36,"StartTime: Mon Apr 08 16:44:26 2019","comp_condAALfit_Andre_plotsflt2mkt0.png",".",".","./comp_condAALfit_Andre_plotsflt2mkt0.png"
"comp_condAALfit_data_weighting_TA1.8_condAgeRec.png","Mean age from conditional data (aggregated across length bins) for Rec with 95% confidence intervals  based on current samples sizes.<br>Francis data weighting method TA1.8: thinner intervals (with capped ends) show result of further adjusting sample sizes based on suggested multiplier (with 95% interval) for conditional age-at-length data from Rec:<br>0.7074 (0.4001-5.7108) <br><br>For more info, see<br> <blockquote>Francis, R.I.C.C. (2011). Data weighting in statistical fisheries stock assessment models. <i>Can. J. Fish. Aquat. Sci.</i> 68: 1124-1138.</blockquote>","A@LComp",2019-04-09 16:02:36,"StartTime: Mon Apr 08 16:44:26 2019","comp_condAALfit_data_weighting_TA1.8_condAgeRec.png",".",".","./comp_condAALfit_data_weighting_TA1.8_condAgeRec.png"
"comp_condAALfit_Andre_plotsflt4mkt0_page1.png","Conditional AAL plot, whole catch, Rec (plot 1 of 2)
These plots show mean age and std. dev. in conditional A@L.<br>Left plots are mean A@L by size-class (obs. and pred.) with 90% CIs based on adding 1.64 SE of mean to the data.<br>Right plots in each pair are SE of mean A@L (obs. and pred.) with 90% CIs based on the chi-square distribution.","A@LComp",2019-04-09 16:02:36,"StartTime: Mon Apr 08 16:44:26 2019","comp_condAALfit_Andre_plotsflt4mkt0_page1.png",".",".","./comp_condAALfit_Andre_plotsflt4mkt0_page1.png"
"comp_condAALfit_Andre_plotsflt4mkt0_page2.png","Conditional AAL plot, whole catch, Rec (plot 2 of 2)","A@LComp",2019-04-09 16:02:36,"StartTime: Mon Apr 08 16:44:26 2019","comp_condAALfit_Andre_plotsflt4mkt0_page2.png",".",".","./comp_condAALfit_Andre_plotsflt4mkt0_page2.png"
"comp_condAALfit_data_weighting_TA1.8_condAgeRecResearch.png","Mean age from conditional data (aggregated across length bins) for RecResearch with 95% confidence intervals  based on current samples sizes.<br>Francis data weighting method TA1.8: thinner intervals (with capped ends) show result of further adjusting sample sizes based on suggested multiplier (with 95% interval) for conditional age-at-length data from RecResearch:<br>0.4988 (0.2551-6.2096) <br><br>For more info, see<br> <blockquote>Francis, R.I.C.C. (2011). Data weighting in statistical fisheries stock assessment models. <i>Can. J. Fish. Aquat. Sci.</i> 68: 1124-1138.</blockquote>","A@LComp",2019-04-09 16:02:36,"StartTime: Mon Apr 08 16:44:26 2019","comp_condAALfit_data_weighting_TA1.8_condAgeRecResearch.png",".",".","./comp_condAALfit_data_weighting_TA1.8_condAgeRecResearch.png"
"comp_condAALfit_Andre_plotsflt7mkt0_page1.png","Conditional AAL plot, whole catch, RecResearch (plot 1 of 3)
These plots show mean age and std. dev. in conditional A@L.<br>Left plots are mean A@L by size-class (obs. and pred.) with 90% CIs based on adding 1.64 SE of mean to the data.<br>Right plots in each pair are SE of mean A@L (obs. and pred.) with 90% CIs based on the chi-square distribution.","A@LComp",2019-04-09 16:02:36,"StartTime: Mon Apr 08 16:44:26 2019","comp_condAALfit_Andre_plotsflt7mkt0_page1.png",".",".","./comp_condAALfit_Andre_plotsflt7mkt0_page1.png"
"comp_condAALfit_Andre_plotsflt7mkt0_page2.png","Conditional AAL plot, whole catch, RecResearch (plot 2 of 3)","A@LComp",2019-04-09 16:02:36,"StartTime: Mon Apr 08 16:44:26 2019","comp_condAALfit_Andre_plotsflt7mkt0_page2.png",".",".","./comp_condAALfit_Andre_plotsflt7mkt0_page2.png"
"comp_condAALfit_Andre_plotsflt7mkt0_page3.png","Conditional AAL plot, whole catch, RecResearch (plot 3 of 3)","A@LComp",2019-04-09 16:02:36,"StartTime: Mon Apr 08 16:44:26 2019","comp_condAALfit_Andre_plotsflt7mkt0_page3.png",".",".","./comp_condAALfit_Andre_plotsflt7mkt0_page3.png"
"yield1_yield_curve.png","Yield curve","Yield",2019-04-09 16:02:36,"StartTime: Mon Apr 08 16:44:26 2019","yield1_yield_curve.png",".",".","./yield1_yield_curve.png"
"yield2_Hilborn_surplus_production.png","Surplus production plot. For interpretation, see<br> <blockquote>Walters, Hilborn, and  Christensen, 2008, Surplus production dynamics in declining and recovering fish populations. <i>Can. J. Fish. Aquat. Sci.</i> 65: 2536-2551.</blockquote>","Yield",2019-04-09 16:02:36,"StartTime: Mon Apr 08 16:44:26 2019","yield2_Hilborn_surplus_production.png",".",".","./yield2_Hilborn_surplus_production.png"
"data_plot.png","Data presence by year for each fleet and data type","Data",2019-04-09 16:02:36,"StartTime: Mon Apr 08 16:44:26 2019","data_plot.png",".",".","./data_plot.png"
"data_plot2.png","Data presence by year for each fleet, where circle area is <br>  relative within a data type. Circles are proportional to <br>  total catch for catches; to precision for indices, discards, and <br>  mean body weight observations; and to total sample size for <br> compositions and mean weight- or length-at-age observations. <br> 'Ghost' observations (not included in the likelihood) have <br> equal size for all years. <br> Note that since the circles are are scaled relative <br>  to maximum within each type, the scaling within separate plots <br>  should not be compared.","Data",2019-04-09 16:02:36,"StartTime: Mon Apr 08 16:44:26 2019","data_plot2.png",".",".","./data_plot2.png"
